157,35229,30,TYPE.PAIR
306,Q379J,837,TYPE.PAIR
696,88Q8Q,841,TYPE.FULL_HOUSE
132,A8725,531,TYPE.HIGH_CARD
904,9959J,588,TYPE.FOUR_OF_A_KIND
312,Q7AA2,79,TYPE.PAIR
566,J7Q5J,446,TYPE.THREE_OF_A_KIND
851,44644,73,TYPE.FOUR_OF_A_KIND
829,222J9,43,TYPE.FOUR_OF_A_KIND
20,475TK,461,TYPE.HIGH_CARD
805,KKA5J,251,TYPE.FULL_HOUSE
67,7K49A,760,TYPE.HIGH_CARD
724,T333T,932,TYPE.FULL_HOUSE
34,5T8QK,301,TYPE.HIGH_CARD
367,37973,197,TYPE.TWO_PAIR
503,555K2,816,TYPE.THREE_OF_A_KIND
635,42422,45,TYPE.FULL_HOUSE
849,3AAAA,699,TYPE.FOUR_OF_A_KIND
463,A77A4,530,TYPE.TWO_PAIR
459,K9QQK,785,TYPE.TWO_PAIR
212,67K36,694,TYPE.PAIR
707,933J4,320,TYPE.FULL_HOUSE
589,QQ98Q,267,TYPE.THREE_OF_A_KIND
354,22KK6,306,TYPE.TWO_PAIR
358,2AKAK,77,TYPE.TWO_PAIR
884,7775J,518,TYPE.FOUR_OF_A_KIND
12,3T586,952,TYPE.HIGH_CARD
155,34J58,132,TYPE.PAIR
482,3353T,773,TYPE.THREE_OF_A_KIND
439,TT353,480,TYPE.TWO_PAIR
507,5777A,459,TYPE.THREE_OF_A_KIND
523,79333,280,TYPE.THREE_OF_A_KIND
233,7TK8T,242,TYPE.PAIR
119,K7A3Q,444,TYPE.HIGH_CARD
334,KK6Q4,575,TYPE.PAIR
274,T5AKA,256,TYPE.PAIR
409,858TT,670,TYPE.TWO_PAIR
344,A7KA8,731,TYPE.PAIR
667,67676,92,TYPE.FULL_HOUSE
435,T966T,616,TYPE.TWO_PAIR
84,9Q765,566,TYPE.HIGH_CARD
138,23Q92,322,TYPE.PAIR
158,356A6,957,TYPE.PAIR
542,996Q9,687,TYPE.THREE_OF_A_KIND
40,6398Q,578,TYPE.HIGH_CARD
647,52552,107,TYPE.FULL_HOUSE
434,T8558,384,TYPE.TWO_PAIR
186,4A69J,998,TYPE.PAIR
442,TQT2Q,317,TYPE.TWO_PAIR
116,K56QT,797,TYPE.HIGH_CARD
645,4A2AJ,36,TYPE.FULL_HOUSE
579,Q777K,552,TYPE.THREE_OF_A_KIND
133,AT6Q4,902,TYPE.HIGH_CARD
93,JJJJJ,358,TYPE.HIGH_CARD
321,K358K,563,TYPE.PAIR
582,Q94QQ,113,TYPE.THREE_OF_A_KIND
807,A28J8,167,TYPE.FULL_HOUSE
474,29224,781,TYPE.THREE_OF_A_KIND
450,QT66T,135,TYPE.TWO_PAIR
359,2AA26,738,TYPE.TWO_PAIR
27,4K8AT,324,TYPE.HIGH_CARD
299,JT728,511,TYPE.PAIR
525,7JQTJ,399,TYPE.THREE_OF_A_KIND
78,8K94Q,691,TYPE.HIGH_CARD
338,KAA92,818,TYPE.PAIR
249,8Q846,892,TYPE.PAIR
810,A66TJ,368,TYPE.FULL_HOUSE
22,48QKT,742,TYPE.HIGH_CARD
488,39K99,479,TYPE.THREE_OF_A_KIND
221,73T72,868,TYPE.PAIR
289,J4K37,386,TYPE.PAIR
765,JK767,405,TYPE.FULL_HOUSE
61,75Q4A,850,TYPE.HIGH_CARD
8,35274,184,TYPE.HIGH_CARD
218,72T9T,186,TYPE.PAIR
347,A9Q7A,291,TYPE.PAIR
968,A3JAA,263,TYPE.FOUR_OF_A_KIND
193,57927,766,TYPE.PAIR
81,9T42Q,485,TYPE.HIGH_CARD
401,6A6AK,165,TYPE.TWO_PAIR
911,T2TTT,600,TYPE.FOUR_OF_A_KIND
58,753QA,570,TYPE.HIGH_CARD
52,6K27Q,939,TYPE.HIGH_CARD
345,A7A8T,659,TYPE.PAIR
248,8TQJK,656,TYPE.PAIR
184,4T922,115,TYPE.PAIR
491,3K337,719,TYPE.THREE_OF_A_KIND
657,56665,134,TYPE.FULL_HOUSE
271,T4A22,367,TYPE.PAIR
785,QQJ5A,776,TYPE.FULL_HOUSE
697,89889,919,TYPE.FULL_HOUSE
501,54A44,751,TYPE.THREE_OF_A_KIND
352,22665,103,TYPE.TWO_PAIR
748,J4QK4,88,TYPE.FULL_HOUSE
853,45J44,390,TYPE.FOUR_OF_A_KIND
11,382A7,305,TYPE.HIGH_CARD
701,8JTTQ,349,TYPE.FULL_HOUSE
794,K6KK6,260,TYPE.FULL_HOUSE
476,2Q228,625,TYPE.THREE_OF_A_KIND
169,39Q44,663,TYPE.PAIR
428,9K96K,414,TYPE.TWO_PAIR
970,A9JAA,905,TYPE.FOUR_OF_A_KIND
477,2A8JJ,562,TYPE.THREE_OF_A_KIND
331,KT9J4,960,TYPE.PAIR
871,666K6,678,TYPE.FOUR_OF_A_KIND
562,TA666,212,TYPE.THREE_OF_A_KIND
557,TTT8A,543,TYPE.THREE_OF_A_KIND
714,98J28,548,TYPE.FULL_HOUSE
51,6QT83,966,TYPE.HIGH_CARD
822,AA58J,933,TYPE.FULL_HOUSE
883,77677,199,TYPE.FOUR_OF_A_KIND
993,JJ222,824,TYPE.FIVE_OF_A_KIND
897,88J68,763,TYPE.FOUR_OF_A_KIND
985,9J999,255,TYPE.FIVE_OF_A_KIND
982,66J6J,163,TYPE.FIVE_OF_A_KIND
90,TQ3K8,90,TYPE.HIGH_CARD
202,5A6T6,565,TYPE.PAIR
642,4TT4T,741,TYPE.FULL_HOUSE
923,TTKTJ,9,TYPE.FOUR_OF_A_KIND
223,755AQ,402,TYPE.PAIR
369,39943,62,TYPE.TWO_PAIR
486,358JJ,295,TYPE.THREE_OF_A_KIND
104,QT46K,493,TYPE.HIGH_CARD
145,283TT,334,TYPE.PAIR
976,2222J,631,TYPE.FIVE_OF_A_KIND
737,TTKKT,573,TYPE.FULL_HOUSE
390,55AA9,857,TYPE.TWO_PAIR
54,725T4,836,TYPE.HIGH_CARD
483,33A23,325,TYPE.THREE_OF_A_KIND
42,659Q3,293,TYPE.HIGH_CARD
747,J4747,806,TYPE.FULL_HOUSE
349,AJKT8,940,TYPE.PAIR
716,99449,669,TYPE.FULL_HOUSE
938,JQ888,198,TYPE.FOUR_OF_A_KIND
665,66868,432,TYPE.FULL_HOUSE
194,57J42,437,TYPE.PAIR
246,8T58A,811,TYPE.PAIR
384,4KK55,595,TYPE.TWO_PAIR
954,K2KKK,7,TYPE.FOUR_OF_A_KIND
336,KA52J,651,TYPE.PAIR
490,3T6TT,93,TYPE.THREE_OF_A_KIND
291,J6398,392,TYPE.PAIR
62,78564,992,TYPE.HIGH_CARD
163,385KJ,602,TYPE.PAIR
776,Q7Q7Q,958,TYPE.FULL_HOUSE
314,Q9T79,524,TYPE.PAIR
866,5Q555,330,TYPE.FOUR_OF_A_KIND
619,2JQ2Q,619,TYPE.FULL_HOUSE
63,7T9K3,698,TYPE.HIGH_CARD
990,J88J8,780,TYPE.FIVE_OF_A_KIND
803,KKJAA,712,TYPE.FULL_HOUSE
782,QQ777,671,TYPE.FULL_HOUSE
6,26Q59,18,TYPE.HIGH_CARD
618,2J585,991,TYPE.FULL_HOUSE
933,J9969,647,TYPE.FOUR_OF_A_KIND
332,KQ3A3,586,TYPE.PAIR
804,KKK44,875,TYPE.FULL_HOUSE
617,2TT2T,579,TYPE.FULL_HOUSE
650,538J8,515,TYPE.FULL_HOUSE
510,5T444,842,TYPE.THREE_OF_A_KIND
586,QT4QQ,864,TYPE.THREE_OF_A_KIND
858,55553,505,TYPE.FOUR_OF_A_KIND
527,7KKKQ,125,TYPE.THREE_OF_A_KIND
380,47Q47,650,TYPE.TWO_PAIR
426,9Q7Q9,278,TYPE.TWO_PAIR
225,7769K,365,TYPE.PAIR
779,QTTQQ,177,TYPE.FULL_HOUSE
307,Q3A99,38,TYPE.PAIR
895,888J3,784,TYPE.FOUR_OF_A_KIND
799,KJK33,921,TYPE.FULL_HOUSE
397,65657,848,TYPE.TWO_PAIR
355,26336,594,TYPE.TWO_PAIR
956,K7777,916,TYPE.FOUR_OF_A_KIND
272,T573J,790,TYPE.PAIR
577,Q64QQ,234,TYPE.THREE_OF_A_KIND
870,66696,2,TYPE.FOUR_OF_A_KIND
363,36673,329,TYPE.TWO_PAIR
948,QQ5QJ,820,TYPE.FOUR_OF_A_KIND
690,85J35,156,TYPE.FULL_HOUSE
457,K74K7,513,TYPE.TWO_PAIR
814,A8A8J,29,TYPE.FULL_HOUSE
381,4TT33,829,TYPE.TWO_PAIR
574,JA9TJ,574,TYPE.THREE_OF_A_KIND
498,4ATTT,464,TYPE.THREE_OF_A_KIND
276,T6TQ7,104,TYPE.PAIR
177,452J3,297,TYPE.PAIR
102,Q9A73,343,TYPE.HIGH_CARD
3,267AK,427,TYPE.HIGH_CARD
587,QTQ3Q,981,TYPE.THREE_OF_A_KIND
328,K84J2,100,TYPE.PAIR
497,4Q333,605,TYPE.THREE_OF_A_KIND
762,JK355,164,TYPE.FULL_HOUSE
190,5465A,70,TYPE.PAIR
664,66226,490,TYPE.FULL_HOUSE
376,44TAT,666,TYPE.TWO_PAIR
693,88833,851,TYPE.FULL_HOUSE
603,A28AA,555,TYPE.THREE_OF_A_KIND
137,23982,997,TYPE.PAIR
825,22232,882,TYPE.FOUR_OF_A_KIND
404,787KK,81,TYPE.TWO_PAIR
726,T49TJ,274,TYPE.FULL_HOUSE
502,55475,249,TYPE.THREE_OF_A_KIND
892,88882,982,TYPE.FOUR_OF_A_KIND
57,74T98,170,TYPE.HIGH_CARD
639,48484,56,TYPE.FULL_HOUSE
111,K392T,375,TYPE.HIGH_CARD
382,4TT43,426,TYPE.TWO_PAIR
208,65JQ4,499,TYPE.PAIR
375,44339,327,TYPE.TWO_PAIR
524,79T77,257,TYPE.THREE_OF_A_KIND
551,T6TTA,727,TYPE.THREE_OF_A_KIND
330,K9798,660,TYPE.PAIR
101,Q8T54,855,TYPE.HIGH_CARD
533,8J7TJ,222,TYPE.THREE_OF_A_KIND
552,T7776,642,TYPE.THREE_OF_A_KIND
420,94T9T,27,TYPE.TWO_PAIR
555,TT3T4,298,TYPE.THREE_OF_A_KIND
655,559JQ,819,TYPE.FULL_HOUSE
259,96T7T,4,TYPE.PAIR
999,AJAJJ,89,TYPE.FIVE_OF_A_KIND
411,87668,644,TYPE.TWO_PAIR
840,33633,47,TYPE.FOUR_OF_A_KIND
691,87778,695,TYPE.FULL_HOUSE
852,45555,488,TYPE.FOUR_OF_A_KIND
75,87A4K,734,TYPE.HIGH_CARD
185,4JK85,463,TYPE.PAIR
545,9A5AA,383,TYPE.THREE_OF_A_KIND
607,AA32A,713,TYPE.THREE_OF_A_KIND
215,6QTT5,339,TYPE.PAIR
756,J9A98,789,TYPE.FULL_HOUSE
371,3KAAK,980,TYPE.TWO_PAIR
160,37525,130,TYPE.PAIR
684,7J736,484,TYPE.FULL_HOUSE
471,22462,606,TYPE.THREE_OF_A_KIND
262,9A2TA,483,TYPE.PAIR
232,7T98J,84,TYPE.PAIR
430,T22KT,158,TYPE.TWO_PAIR
873,669J6,352,TYPE.FOUR_OF_A_KIND
462,A5599,271,TYPE.TWO_PAIR
325,K6QJ7,696,TYPE.PAIR
688,82822,935,TYPE.FULL_HOUSE
819,AA3J3,61,TYPE.FULL_HOUSE
372,43553,885,TYPE.TWO_PAIR
60,7586K,839,TYPE.HIGH_CARD
92,TQ58A,581,TYPE.HIGH_CARD
955,K4444,924,TYPE.FOUR_OF_A_KIND
654,55858,928,TYPE.FULL_HOUSE
468,AA669,372,TYPE.TWO_PAIR
419,92626,774,TYPE.TWO_PAIR
591,QAQQ6,898,TYPE.THREE_OF_A_KIND
969,A6AAA,307,TYPE.FOUR_OF_A_KIND
754,J9797,796,TYPE.FULL_HOUSE
31,54A68,930,TYPE.HIGH_CARD
214,6TT94,487,TYPE.PAIR
112,K3Q6T,60,TYPE.HIGH_CARD
569,JTK2J,286,TYPE.THREE_OF_A_KIND
862,58555,31,TYPE.FOUR_OF_A_KIND
700,8J292,798,TYPE.FULL_HOUSE
250,8QQ53,310,TYPE.PAIR
790,K4JA4,639,TYPE.FULL_HOUSE
878,6J777,64,TYPE.FOUR_OF_A_KIND
812,A6JQA,252,TYPE.FULL_HOUSE
45,6T2QA,248,TYPE.HIGH_CARD
378,45A45,179,TYPE.TWO_PAIR
500,54595,441,TYPE.THREE_OF_A_KIND
59,7582K,973,TYPE.HIGH_CARD
154,338Q7,412,TYPE.PAIR
616,28288,752,TYPE.FULL_HOUSE
937,JJK3K,445,TYPE.FOUR_OF_A_KIND
204,62K2T,993,TYPE.PAIR
374,44229,724,TYPE.TWO_PAIR
509,59399,521,TYPE.THREE_OF_A_KIND
189,53KK2,746,TYPE.PAIR
173,3A9AQ,550,TYPE.PAIR
207,6525A,215,TYPE.PAIR
211,676A2,754,TYPE.PAIR
68,7KTA6,750,TYPE.HIGH_CARD
894,88889,805,TYPE.FOUR_OF_A_KIND
436,T9898,457,TYPE.TWO_PAIR
991,J99J9,681,TYPE.FIVE_OF_A_KIND
469,AA886,24,TYPE.TWO_PAIR
646,522QJ,556,TYPE.FULL_HOUSE
981,6666J,955,TYPE.FIVE_OF_A_KIND
288,J3QA7,988,TYPE.PAIR
890,87777,214,TYPE.FOUR_OF_A_KIND
648,52J24,277,TYPE.FULL_HOUSE
903,994J9,183,TYPE.FOUR_OF_A_KIND
398,69559,598,TYPE.TWO_PAIR
706,93339,396,TYPE.FULL_HOUSE
721,9JAA2,243,TYPE.FULL_HOUSE
505,56636,571,TYPE.THREE_OF_A_KIND
652,54554,987,TYPE.FULL_HOUSE
241,86T58,48,TYPE.PAIR
626,34334,259,TYPE.FULL_HOUSE
66,7K254,945,TYPE.HIGH_CARD
727,T4T44,203,TYPE.FULL_HOUSE
348,AT9J3,447,TYPE.PAIR
410,8668T,720,TYPE.TWO_PAIR
438,T9T33,645,TYPE.TWO_PAIR
899,8AAAA,80,TYPE.FOUR_OF_A_KIND
304,Q28J6,350,TYPE.PAIR
151,2AJ49,560,TYPE.PAIR
403,778TT,290,TYPE.TWO_PAIR
627,355J3,341,TYPE.FULL_HOUSE
100,Q79T3,558,TYPE.HIGH_CARD
900,92222,527,TYPE.FOUR_OF_A_KIND
827,22262,920,TYPE.FOUR_OF_A_KIND
992,JTJTT,643,TYPE.FIVE_OF_A_KIND
265,T23TA,95,TYPE.PAIR
604,A33K3,869,TYPE.THREE_OF_A_KIND
828,222J5,443,TYPE.FOUR_OF_A_KIND
772,Q4Q44,896,TYPE.FULL_HOUSE
792,K522J,308,TYPE.FULL_HOUSE
929,J774J,772,TYPE.FOUR_OF_A_KIND
385,52952,897,TYPE.TWO_PAIR
830,223J2,429,TYPE.FOUR_OF_A_KIND
558,TTA5T,747,TYPE.THREE_OF_A_KIND
124,KA459,13,TYPE.HIGH_CARD
836,2QQJQ,858,TYPE.FOUR_OF_A_KIND
418,92297,795,TYPE.TWO_PAIR
898,8T888,627,TYPE.FOUR_OF_A_KIND
109,QA74T,755,TYPE.HIGH_CARD
142,26494,408,TYPE.PAIR
472,26665,568,TYPE.THREE_OF_A_KIND
927,J5J3J,657,TYPE.FOUR_OF_A_KIND
269,T4Q2T,984,TYPE.PAIR
368,38223,23,TYPE.TWO_PAIR
475,2TT5T,859,TYPE.THREE_OF_A_KIND
534,8JJ4T,541,TYPE.THREE_OF_A_KIND
761,JQ662,535,TYPE.FULL_HOUSE
732,T8T8T,943,TYPE.FULL_HOUSE
550,T6999,400,TYPE.THREE_OF_A_KIND
615,25225,311,TYPE.FULL_HOUSE
872,66766,99,TYPE.FOUR_OF_A_KIND
964,KKJ9K,597,TYPE.FOUR_OF_A_KIND
431,T355T,722,TYPE.TWO_PAIR
632,3J673,68,TYPE.FULL_HOUSE
868,5AAAA,679,TYPE.FOUR_OF_A_KIND
170,3T2K2,941,TYPE.PAIR
584,Q9T99,244,TYPE.THREE_OF_A_KIND
356,2929K,424,TYPE.TWO_PAIR
925,J4JKK,477,TYPE.FOUR_OF_A_KIND
447,Q66QA,761,TYPE.TWO_PAIR
310,Q5A8J,238,TYPE.PAIR
796,KTTKK,828,TYPE.FULL_HOUSE
174,428JT,910,TYPE.PAIR
998,KKKJK,497,TYPE.FIVE_OF_A_KIND
793,K5KK5,433,TYPE.FULL_HOUSE
108,QA572,537,TYPE.HIGH_CARD
887,77TJ7,601,TYPE.FOUR_OF_A_KIND
172,3JA7K,469,TYPE.PAIR
530,86444,314,TYPE.THREE_OF_A_KIND
944,Q4444,917,TYPE.FOUR_OF_A_KIND
663,65QQJ,508,TYPE.FULL_HOUSE
597,KKK37,853,TYPE.THREE_OF_A_KIND
625,3388J,331,TYPE.FULL_HOUSE
296,J97A2,312,TYPE.PAIR
978,44J44,783,TYPE.FIVE_OF_A_KIND
567,JT7JA,191,TYPE.THREE_OF_A_KIND
406,7QKQ7,166,TYPE.TWO_PAIR
789,K444K,888,TYPE.FULL_HOUSE
72,83QT5,832,TYPE.HIGH_CARD
278,T876T,82,TYPE.PAIR
864,5J7J7,71,TYPE.FOUR_OF_A_KIND
669,696J8,974,TYPE.FULL_HOUSE
333,KQK54,918,TYPE.PAIR
581,Q8868,618,TYPE.THREE_OF_A_KIND
392,575AA,237,TYPE.TWO_PAIR
206,6463Q,648,TYPE.PAIR
315,QT5JK,906,TYPE.PAIR
860,55755,737,TYPE.FOUR_OF_A_KIND
745,J3T3A,674,TYPE.FULL_HOUSE
238,82AA7,716,TYPE.PAIR
300,JQ86T,801,TYPE.PAIR
780,QTQKJ,802,TYPE.FULL_HOUSE
110,K247Q,740,TYPE.HIGH_CARD
629,39JA3,475,TYPE.FULL_HOUSE
127,A5967,478,TYPE.HIGH_CARD
493,4644Q,815,TYPE.THREE_OF_A_KIND
95,Q2963,899,TYPE.HIGH_CARD
571,JJK53,58,TYPE.THREE_OF_A_KIND
115,K53T7,587,TYPE.HIGH_CARD
622,33377,180,TYPE.FULL_HOUSE
901,9299J,379,TYPE.FOUR_OF_A_KIND
678,775J5,706,TYPE.FULL_HOUSE
461,KKQQ2,972,TYPE.TWO_PAIR
751,J5656,353,TYPE.FULL_HOUSE
919,TTTT9,395,TYPE.FOUR_OF_A_KIND
146,2998K,673,TYPE.PAIR
228,79269,501,TYPE.PAIR
16,3AT52,303,TYPE.HIGH_CARD
526,7KT77,710,TYPE.THREE_OF_A_KIND
481,33539,799,TYPE.THREE_OF_A_KIND
961,KJK7K,275,TYPE.FOUR_OF_A_KIND
802,KK999,374,TYPE.FULL_HOUSE
209,66829,413,TYPE.PAIR
286,TA9QQ,337,TYPE.PAIR
322,K4556,57,TYPE.PAIR
25,4T759,745,TYPE.HIGH_CARD
739,TQ7JQ,577,TYPE.FULL_HOUSE
162,3793A,346,TYPE.PAIR
413,88779,615,TYPE.TWO_PAIR
539,9888K,626,TYPE.THREE_OF_A_KIND
744,J2K2K,241,TYPE.FULL_HOUSE
520,75377,887,TYPE.THREE_OF_A_KIND
750,J5635,793,TYPE.FULL_HOUSE
49,6Q3T5,415,TYPE.HIGH_CARD
713,97779,182,TYPE.FULL_HOUSE
437,T99TK,844,TYPE.TWO_PAIR
850,444QJ,210,TYPE.FOUR_OF_A_KIND
906,99996,913,TYPE.FOUR_OF_A_KIND
360,32553,825,TYPE.TWO_PAIR
122,K97T8,732,TYPE.HIGH_CARD
994,JJ555,136,TYPE.FIVE_OF_A_KIND
120,K8456,239,TYPE.HIGH_CARD
857,52J55,217,TYPE.FOUR_OF_A_KIND
658,59595,201,TYPE.FULL_HOUSE
936,JJT6T,66,TYPE.FOUR_OF_A_KIND
147,29JTK,211,TYPE.PAIR
623,333AA,582,TYPE.FULL_HOUSE
885,777J9,629,TYPE.FOUR_OF_A_KIND
254,93653,593,TYPE.PAIR
455,K5TK5,494,TYPE.TWO_PAIR
386,52QQ5,458,TYPE.TWO_PAIR
636,433JT,621,TYPE.FULL_HOUSE
729,T5T55,28,TYPE.FULL_HOUSE
230,79A8J,831,TYPE.PAIR
508,588Q8,514,TYPE.THREE_OF_A_KIND
35,5Q4T7,19,TYPE.HIGH_CARD
55,72A8T,791,TYPE.HIGH_CARD
56,73498,967,TYPE.HIGH_CARD
987,TJJJT,35,TYPE.FIVE_OF_A_KIND
709,94494,770,TYPE.FULL_HOUSE
150,2QJ58,569,TYPE.PAIR
514,64777,630,TYPE.THREE_OF_A_KIND
82,9TK74,704,TYPE.HIGH_CARD
317,QQ864,675,TYPE.PAIR
48,6TQ54,376,TYPE.HIGH_CARD
454,K55K6,335,TYPE.TWO_PAIR
427,9Q8Q8,881,TYPE.TWO_PAIR
609,AAA69,690,TYPE.THREE_OF_A_KIND
907,999QJ,922,TYPE.FOUR_OF_A_KIND
113,K3A8Q,528,TYPE.HIGH_CARD
65,7Q983,97,TYPE.HIGH_CARD
203,62T99,876,TYPE.PAIR
952,QQQQA,544,TYPE.FOUR_OF_A_KIND
319,K2885,821,TYPE.PAIR
653,55656,360,TYPE.FULL_HOUSE
752,J6AA8,382,TYPE.FULL_HOUSE
656,5658J,739,TYPE.FULL_HOUSE
226,78225,453,TYPE.PAIR
965,KKQKK,72,TYPE.FOUR_OF_A_KIND
261,9K277,300,TYPE.PAIR
959,KJ333,119,TYPE.FOUR_OF_A_KIND
295,J972T,120,TYPE.PAIR
537,96299,21,TYPE.THREE_OF_A_KIND
891,878JJ,822,TYPE.FOUR_OF_A_KIND
575,JAT4J,730,TYPE.THREE_OF_A_KIND
440,TT494,777,TYPE.TWO_PAIR
283,TJ52A,299,TYPE.PAIR
833,2J72J,884,TYPE.FOUR_OF_A_KIND
107,QA48K,714,TYPE.HIGH_CARD
258,95Q58,240,TYPE.PAIR
85,T2K65,536,TYPE.HIGH_CARD
166,3923Q,532,TYPE.PAIR
766,JKQQ5,91,TYPE.FULL_HOUSE
705,922J9,69,TYPE.FULL_HOUSE
224,75JA9,838,TYPE.PAIR
606,A888K,845,TYPE.THREE_OF_A_KIND
453,QA3QA,936,TYPE.TWO_PAIR
414,8T9T8,843,TYPE.TWO_PAIR
277,T762J,901,TYPE.PAIR
942,JAJAQ,51,TYPE.FOUR_OF_A_KIND
913,T7777,705,TYPE.FOUR_OF_A_KIND
504,555K3,361,TYPE.THREE_OF_A_KIND
770,Q222Q,944,TYPE.FULL_HOUSE
815,AJ77A,131,TYPE.FULL_HOUSE
718,99J2K,503,TYPE.FULL_HOUSE
568,JTJ67,733,TYPE.THREE_OF_A_KIND
499,52922,83,TYPE.THREE_OF_A_KIND
941,JKKKQ,44,TYPE.FOUR_OF_A_KIND
267,T4233,143,TYPE.PAIR
9,35946,728,TYPE.HIGH_CARD
1000,AJAJA,911,TYPE.FIVE_OF_A_KIND
841,33733,50,TYPE.FOUR_OF_A_KIND
980,5J555,49,TYPE.FIVE_OF_A_KIND
835,2Q2J2,230,TYPE.FOUR_OF_A_KIND
742,J277K,633,TYPE.FULL_HOUSE
760,JTA88,389,TYPE.FULL_HOUSE
741,TAAJ6,510,TYPE.FULL_HOUSE
421,96688,40,TYPE.TWO_PAIR
329,K93K5,67,TYPE.PAIR
738,TJ949,154,TYPE.FULL_HOUSE
64,7Q34A,417,TYPE.HIGH_CARD
928,J66JT,968,TYPE.FOUR_OF_A_KIND
722,9A99A,830,TYPE.FULL_HOUSE
18,46Q8T,596,TYPE.HIGH_CARD
578,Q6646,927,TYPE.THREE_OF_A_KIND
781,QQ555,846,TYPE.FULL_HOUSE
14,3QK2T,152,TYPE.HIGH_CARD
743,J2828,533,TYPE.FULL_HOUSE
563,TATKT,946,TYPE.THREE_OF_A_KIND
335,KKQ92,326,TYPE.PAIR
662,5JQ66,849,TYPE.FULL_HOUSE
749,J557T,226,TYPE.FULL_HOUSE
339,A2883,452,TYPE.PAIR
33,56Q2A,148,TYPE.HIGH_CARD
854,48888,624,TYPE.FOUR_OF_A_KIND
806,A22AA,880,TYPE.FULL_HOUSE
637,44343,788,TYPE.FULL_HOUSE
239,85633,439,TYPE.PAIR
388,55449,472,TYPE.TWO_PAIR
443,TKATK,344,TYPE.TWO_PAIR
88,T65Q8,576,TYPE.HIGH_CARD
809,A555A,111,TYPE.FULL_HOUSE
931,J88A8,995,TYPE.FOUR_OF_A_KIND
549,T6663,371,TYPE.THREE_OF_A_KIND
464,AQA4Q,122,TYPE.TWO_PAIR
821,AA55A,765,TYPE.FULL_HOUSE
659,5T5JT,20,TYPE.FULL_HOUSE
220,73832,247,TYPE.PAIR
264,9A9T6,282,TYPE.PAIR
798,KJ99K,778,TYPE.FULL_HOUSE
924,J3338,914,TYPE.FOUR_OF_A_KIND
949,QQ5QQ,388,TYPE.FOUR_OF_A_KIND
671,6J464,254,TYPE.FULL_HOUSE
141,24A5J,827,TYPE.PAIR
989,J77J7,559,TYPE.FIVE_OF_A_KIND
580,Q7Q6Q,874,TYPE.THREE_OF_A_KIND
222,74QKJ,261,TYPE.PAIR
318,QK37K,144,TYPE.PAIR
32,5649T,655,TYPE.HIGH_CARD
284,TJ746,654,TYPE.PAIR
216,6A269,623,TYPE.PAIR
135,226K5,17,TYPE.PAIR
480,32J5J,953,TYPE.THREE_OF_A_KIND
316,QTT47,748,TYPE.PAIR
800,KK222,150,TYPE.FULL_HOUSE
786,QKQJA,507,TYPE.FULL_HOUSE
217,6A6Q3,188,TYPE.PAIR
595,KTTT8,546,TYPE.THREE_OF_A_KIND
188,53T99,517,TYPE.PAIR
484,33A73,871,TYPE.THREE_OF_A_KIND
698,89899,767,TYPE.FULL_HOUSE
320,K344T,124,TYPE.PAIR
136,2324Q,220,TYPE.PAIR
683,7J442,206,TYPE.FULL_HOUSE
910,9AAAA,133,TYPE.FOUR_OF_A_KIND
777,Q99Q9,456,TYPE.FULL_HOUSE
610,22233,986,TYPE.FULL_HOUSE
251,92284,725,TYPE.PAIR
39,6347A,701,TYPE.HIGH_CARD
882,73777,990,TYPE.FOUR_OF_A_KIND
922,TTKTT,422,TYPE.FOUR_OF_A_KIND
556,TTT87,792,TYPE.THREE_OF_A_KIND
412,877K8,431,TYPE.TWO_PAIR
36,5A6QT,800,TYPE.HIGH_CARD
408,85548,677,TYPE.TWO_PAIR
649,53353,208,TYPE.FULL_HOUSE
621,33322,965,TYPE.FULL_HOUSE
824,AAJ45,866,TYPE.FULL_HOUSE
837,2AJAA,153,TYPE.FOUR_OF_A_KIND
21,4785K,949,TYPE.HIGH_CARD
932,J8J77,187,TYPE.FOUR_OF_A_KIND
263,9A388,779,TYPE.PAIR
755,J9QAQ,398,TYPE.FULL_HOUSE
139,23A36,909,TYPE.PAIR
253,92Q95,702,TYPE.PAIR
287,J2467,296,TYPE.PAIR
341,A32QQ,181,TYPE.PAIR
255,93TJ7,721,TYPE.PAIR
80,9T428,502,TYPE.HIGH_CARD
880,72777,667,TYPE.FOUR_OF_A_KIND
975,AAAA2,227,TYPE.FOUR_OF_A_KIND
560,TQTAT,847,TYPE.THREE_OF_A_KIND
600,KA777,264,TYPE.THREE_OF_A_KIND
86,T4635,744,TYPE.HIGH_CARD
346,A886Q,492,TYPE.PAIR
285,TQJ3A,449,TYPE.PAIR
943,JAAA6,729,TYPE.FOUR_OF_A_KIND
588,QJ86J,840,TYPE.THREE_OF_A_KIND
940,JK777,385,TYPE.FOUR_OF_A_KIND
424,9922A,430,TYPE.TWO_PAIR
106,QKT95,425,TYPE.HIGH_CARD
156,34AKA,551,TYPE.PAIR
661,5J996,377,TYPE.FULL_HOUSE
689,82J87,270,TYPE.FULL_HOUSE
4,26T59,173,TYPE.HIGH_CARD
816,AKKKA,294,TYPE.FULL_HOUSE
117,K675Q,688,TYPE.HIGH_CARD
327,K79JA,718,TYPE.PAIR
666,668J8,970,TYPE.FULL_HOUSE
753,J7373,520,TYPE.FULL_HOUSE
126,A5873,985,TYPE.HIGH_CARD
543,99A79,381,TYPE.THREE_OF_A_KIND
818,AA33A,620,TYPE.FULL_HOUSE
783,QQ93J,435,TYPE.FULL_HOUSE
1,23758,416,TYPE.HIGH_CARD
947,QQ2QQ,672,TYPE.FOUR_OF_A_KIND
182,48K49,75,TYPE.PAIR
417,92294,893,TYPE.TWO_PAIR
613,22QQQ,467,TYPE.FULL_HOUSE
863,59555,612,TYPE.FOUR_OF_A_KIND
973,AKAAA,101,TYPE.FOUR_OF_A_KIND
125,A29Q6,756,TYPE.HIGH_CARD
44,675K3,471,TYPE.HIGH_CARD
308,Q5776,129,TYPE.PAIR
130,A68T2,890,TYPE.HIGH_CARD
775,Q76J7,599,TYPE.FULL_HOUSE
73,84QA9,229,TYPE.HIGH_CARD
565,J68AJ,194,TYPE.THREE_OF_A_KIND
425,996A6,661,TYPE.TWO_PAIR
984,888J8,929,TYPE.FIVE_OF_A_KIND
303,JA8K4,580,TYPE.PAIR
521,77879,3,TYPE.THREE_OF_A_KIND
279,T8J2A,266,TYPE.PAIR
456,K66AK,810,TYPE.TWO_PAIR
699,899J4,53,TYPE.FULL_HOUSE
674,6QQ66,646,TYPE.FULL_HOUSE
962,KK3JK,915,TYPE.FOUR_OF_A_KIND
561,TQQKQ,373,TYPE.THREE_OF_A_KIND
76,892TQ,378,TYPE.HIGH_CARD
886,777AJ,689,TYPE.FOUR_OF_A_KIND
231,7T898,190,TYPE.PAIR
791,K4QJK,262,TYPE.FULL_HOUSE
10,36AK9,5,TYPE.HIGH_CARD
681,78788,189,TYPE.FULL_HOUSE
242,8722K,978,TYPE.PAIR
641,499J4,979,TYPE.FULL_HOUSE
703,8QQQ8,407,TYPE.FULL_HOUSE
728,T55J3,903,TYPE.FULL_HOUSE
43,672Q8,168,TYPE.HIGH_CARD
905,996JJ,357,TYPE.FOUR_OF_A_KIND
859,555A5,622,TYPE.FOUR_OF_A_KIND
692,8844J,192,TYPE.FULL_HOUSE
257,959QK,348,TYPE.PAIR
950,QQQQ6,54,TYPE.FOUR_OF_A_KIND
399,6Q56Q,304,TYPE.TWO_PAIR
396,62TT6,567,TYPE.TWO_PAIR
592,K4QQQ,246,TYPE.THREE_OF_A_KIND
46,6T439,963,TYPE.HIGH_CARD
572,JQ2J8,171,TYPE.THREE_OF_A_KIND
875,6766J,272,TYPE.FOUR_OF_A_KIND
7,2T798,592,TYPE.HIGH_CARD
644,4J4AA,591,TYPE.FULL_HOUSE
165,38TAJ,224,TYPE.PAIR
178,45788,276,TYPE.PAIR
861,56555,110,TYPE.FOUR_OF_A_KIND
730,T5T5T,354,TYPE.FULL_HOUSE
888,78888,106,TYPE.FOUR_OF_A_KIND
219,737Q6,908,TYPE.PAIR
651,54454,14,TYPE.FULL_HOUSE
920,TTTQT,340,TYPE.FOUR_OF_A_KIND
704,8K8KK,610,TYPE.FULL_HOUSE
494,46454,786,TYPE.THREE_OF_A_KIND
695,88JK2,63,TYPE.FULL_HOUSE
702,8Q8QJ,316,TYPE.FULL_HOUSE
797,KJ88A,549,TYPE.FULL_HOUSE
326,K6K45,209,TYPE.PAIR
199,5Q95A,942,TYPE.PAIR
686,7J9KK,641,TYPE.FULL_HOUSE
668,67767,451,TYPE.FULL_HOUSE
340,A2Q5J,37,TYPE.PAIR
935,JJT22,176,TYPE.FOUR_OF_A_KIND
175,43JKA,387,TYPE.PAIR
176,44T2A,409,TYPE.PAIR
834,2Q222,438,TYPE.FOUR_OF_A_KIND
758,JT822,245,TYPE.FULL_HOUSE
192,577A3,526,TYPE.PAIR
660,5TJT2,200,TYPE.FULL_HOUSE
164,38T43,856,TYPE.PAIR
960,KJ444,553,TYPE.FOUR_OF_A_KIND
778,QTTTQ,749,TYPE.FULL_HOUSE
506,57477,147,TYPE.THREE_OF_A_KIND
24,4T2Q8,878,TYPE.HIGH_CARD
357,2A2KA,436,TYPE.TWO_PAIR
974,AAAQJ,284,TYPE.FOUR_OF_A_KIND
487,38828,867,TYPE.THREE_OF_A_KIND
29,528QK,141,TYPE.HIGH_CARD
5,26TK4,692,TYPE.HIGH_CARD
845,3444J,693,TYPE.FOUR_OF_A_KIND
511,5Q955,333,TYPE.THREE_OF_A_KIND
17,3AK24,460,TYPE.HIGH_CARD
234,7J52Q,185,TYPE.PAIR
611,22277,542,TYPE.FULL_HOUSE
823,AATAT,281,TYPE.FULL_HOUSE
87,T57Q2,519,TYPE.HIGH_CARD
407,84483,140,TYPE.TWO_PAIR
74,85436,926,TYPE.HIGH_CARD
817,AKAKA,283,TYPE.FULL_HOUSE
764,JK4K8,468,TYPE.FULL_HOUSE
672,6JQ6A,196,TYPE.FULL_HOUSE
485,34464,481,TYPE.THREE_OF_A_KIND
302,JK5Q2,328,TYPE.PAIR
634,423J3,609,TYPE.FULL_HOUSE
522,77A47,614,TYPE.THREE_OF_A_KIND
826,22242,279,TYPE.FOUR_OF_A_KIND
540,99279,608,TYPE.THREE_OF_A_KIND
244,89492,529,TYPE.PAIR
848,3A333,292,TYPE.FOUR_OF_A_KIND
489,3T5TT,948,TYPE.THREE_OF_A_KIND
538,979T9,907,TYPE.THREE_OF_A_KIND
365,37322,455,TYPE.TWO_PAIR
400,6QQ68,397,TYPE.TWO_PAIR
811,A66JA,638,TYPE.FULL_HOUSE
256,93QA3,833,TYPE.PAIR
559,TJ8J2,983,TYPE.THREE_OF_A_KIND
441,TT5QQ,202,TYPE.TWO_PAIR
734,TT888,1,TYPE.FULL_HOUSE
452,QKQTK,852,TYPE.TWO_PAIR
767,JA556,703,TYPE.FULL_HOUSE
103,QT345,496,TYPE.HIGH_CARD
243,88Q26,994,TYPE.PAIR
394,5Q5AA,697,TYPE.TWO_PAIR
197,59429,418,TYPE.PAIR
541,9939T,318,TYPE.THREE_OF_A_KIND
771,Q333Q,370,TYPE.FULL_HOUSE
446,Q3AA3,707,TYPE.TWO_PAIR
161,378JQ,572,TYPE.PAIR
351,2255Q,86,TYPE.TWO_PAIR
620,2JA2A,509,TYPE.FULL_HOUSE
290,J5K36,117,TYPE.PAIR
309,Q5866,861,TYPE.PAIR
313,Q94Q2,813,TYPE.PAIR
364,36993,287,TYPE.TWO_PAIR
343,A5574,590,TYPE.PAIR
91,TQ43K,743,TYPE.HIGH_CARD
432,T66AT,711,TYPE.TWO_PAIR
187,4A6J5,178,TYPE.PAIR
867,5K5J5,961,TYPE.FOUR_OF_A_KIND
532,888A3,959,TYPE.THREE_OF_A_KIND
495,4777K,554,TYPE.THREE_OF_A_KIND
270,T4QKK,637,TYPE.PAIR
759,JTQQ6,735,TYPE.FULL_HOUSE
366,37735,782,TYPE.TWO_PAIR
865,5J9J5,233,TYPE.FOUR_OF_A_KIND
843,33Q33,607,TYPE.FOUR_OF_A_KIND
719,9T9T9,250,TYPE.FULL_HOUSE
813,A6A66,683,TYPE.FULL_HOUSE
996,JAAAA,96,TYPE.FIVE_OF_A_KIND
564,J63J7,717,TYPE.THREE_OF_A_KIND
353,22K4K,870,TYPE.TWO_PAIR
547,T3J6J,169,TYPE.THREE_OF_A_KIND
415,8TT33,895,TYPE.TWO_PAIR
513,63339,865,TYPE.THREE_OF_A_KIND
585,QT3TT,42,TYPE.THREE_OF_A_KIND
213,6TT48,218,TYPE.PAIR
337,KAK5T,894,TYPE.PAIR
275,T6922,736,TYPE.PAIR
723,9AJ9A,102,TYPE.FULL_HOUSE
599,KKAKT,151,TYPE.THREE_OF_A_KIND
105,QT79A,726,TYPE.HIGH_CARD
601,KA999,442,TYPE.THREE_OF_A_KIND
902,99399,315,TYPE.FOUR_OF_A_KIND
134,224T6,213,TYPE.PAIR
602,KAKK9,410,TYPE.THREE_OF_A_KIND
685,7J7KK,812,TYPE.FULL_HOUSE
123,KT859,155,TYPE.HIGH_CARD
15,3AT26,996,TYPE.HIGH_CARD
236,7A6A9,640,TYPE.PAIR
114,K5368,491,TYPE.HIGH_CARD
301,JQK34,78,TYPE.PAIR
143,27268,289,TYPE.PAIR
23,4967K,564,TYPE.HIGH_CARD
535,8K848,268,TYPE.THREE_OF_A_KIND
869,626JJ,652,TYPE.FOUR_OF_A_KIND
465,AKA6K,964,TYPE.TWO_PAIR
855,4J4T4,534,TYPE.FOUR_OF_A_KIND
708,93939,336,TYPE.FULL_HOUSE
179,47876,59,TYPE.PAIR
631,3J23A,207,TYPE.FULL_HOUSE
909,9Q999,126,TYPE.FOUR_OF_A_KIND
470,22432,265,TYPE.THREE_OF_A_KIND
957,K7KKK,205,TYPE.FOUR_OF_A_KIND
466,AA399,835,TYPE.TWO_PAIR
795,K77K7,112,TYPE.FULL_HOUSE
171,3J5K9,762,TYPE.PAIR
846,36J33,223,TYPE.FOUR_OF_A_KIND
725,T3TAJ,947,TYPE.FULL_HOUSE
590,QQQA8,466,TYPE.THREE_OF_A_KIND
362,3434Q,219,TYPE.TWO_PAIR
576,Q4QQ5,764,TYPE.THREE_OF_A_KIND
997,QQQJQ,500,TYPE.FIVE_OF_A_KIND
972,AJAKA,157,TYPE.FOUR_OF_A_KIND
70,82T96,393,TYPE.HIGH_CARD
694,888KK,85,TYPE.FULL_HOUSE
628,3699J,474,TYPE.FULL_HOUSE
953,QQQKQ,680,TYPE.FOUR_OF_A_KIND
917,TTT7J,145,TYPE.FOUR_OF_A_KIND
50,6Q982,221,TYPE.HIGH_CARD
712,96669,174,TYPE.FULL_HOUSE
460,KQ33Q,228,TYPE.TWO_PAIR
995,JJJ8J,450,TYPE.FIVE_OF_A_KIND
159,368K8,12,TYPE.PAIR
148,29QJ8,195,TYPE.PAIR
731,T6TT6,561,TYPE.FULL_HOUSE
201,5KA22,522,TYPE.PAIR
679,777TT,962,TYPE.FULL_HOUSE
536,92899,854,TYPE.THREE_OF_A_KIND
889,799JJ,10,TYPE.FOUR_OF_A_KIND
445,Q3Q53,394,TYPE.TWO_PAIR
237,7A745,285,TYPE.PAIR
83,9Q43K,46,TYPE.HIGH_CARD
444,Q33AQ,355,TYPE.TWO_PAIR
235,7Q9JK,454,TYPE.PAIR
518,69Q66,956,TYPE.THREE_OF_A_KIND
69,7A325,950,TYPE.HIGH_CARD
168,39T4J,470,TYPE.PAIR
361,336QQ,715,TYPE.TWO_PAIR
768,JA62A,345,TYPE.FULL_HOUSE
893,88883,951,TYPE.FOUR_OF_A_KIND
983,7J777,771,TYPE.FIVE_OF_A_KIND
205,63878,482,TYPE.PAIR
967,KAKKK,486,TYPE.FOUR_OF_A_KIND
405,7TT33,504,TYPE.TWO_PAIR
449,Q9AQA,976,TYPE.TWO_PAIR
787,QAAJQ,98,TYPE.FULL_HOUSE
670,69J69,332,TYPE.FULL_HOUSE
30,5298Q,160,TYPE.HIGH_CARD
473,27292,273,TYPE.THREE_OF_A_KIND
546,T2T4T,448,TYPE.THREE_OF_A_KIND
149,2J95K,428,TYPE.PAIR
638,46646,11,TYPE.FULL_HOUSE
908,9JJ33,787,TYPE.FOUR_OF_A_KIND
946,Q9QQQ,216,TYPE.FOUR_OF_A_KIND
746,J4455,912,TYPE.FULL_HOUSE
294,J96QA,628,TYPE.PAIR
429,9A49A,676,TYPE.TWO_PAIR
515,64K66,547,TYPE.THREE_OF_A_KIND
121,K853T,391,TYPE.HIGH_CARD
323,K4J87,769,TYPE.PAIR
769,JAA7K,347,TYPE.FULL_HOUSE
926,J5535,931,TYPE.FOUR_OF_A_KIND
715,99222,886,TYPE.FULL_HOUSE
395,5K59K,313,TYPE.TWO_PAIR
839,3333K,362,TYPE.FOUR_OF_A_KIND
874,66J86,434,TYPE.FOUR_OF_A_KIND
181,48J56,604,TYPE.PAIR
26,4K39T,775,TYPE.HIGH_CARD
28,4A86Q,495,TYPE.HIGH_CARD
914,T99J9,139,TYPE.FOUR_OF_A_KIND
227,782T7,823,TYPE.PAIR
548,T4494,658,TYPE.THREE_OF_A_KIND
516,66986,971,TYPE.THREE_OF_A_KIND
598,KKK87,25,TYPE.THREE_OF_A_KIND
856,52222,269,TYPE.FOUR_OF_A_KIND
630,3T3TT,236,TYPE.FULL_HOUSE
200,5KK74,904,TYPE.PAIR
740,TK2KJ,860,TYPE.FULL_HOUSE
266,T33KQ,969,TYPE.PAIR
881,727J7,423,TYPE.FOUR_OF_A_KIND
140,24926,114,TYPE.PAIR
89,T8965,288,TYPE.HIGH_CARD
196,58K84,462,TYPE.PAIR
373,43T34,175,TYPE.TWO_PAIR
801,KK77K,768,TYPE.FULL_HOUSE
624,33663,41,TYPE.FULL_HOUSE
945,Q66J6,231,TYPE.FOUR_OF_A_KIND
832,2T222,758,TYPE.FOUR_OF_A_KIND
773,Q4QJ4,411,TYPE.FULL_HOUSE
784,QQ99Q,540,TYPE.FULL_HOUSE
720,9J698,403,TYPE.FULL_HOUSE
733,T99JT,709,TYPE.FULL_HOUSE
416,8QKKQ,1000,TYPE.TWO_PAIR
608,AAA48,39,TYPE.THREE_OF_A_KIND
687,7Q4J7,636,TYPE.FULL_HOUSE
553,T7787,465,TYPE.THREE_OF_A_KIND
391,56TT6,225,TYPE.TWO_PAIR
448,Q88TT,611,TYPE.TWO_PAIR
47,6T98Q,516,TYPE.HIGH_CARD
71,834TK,366,TYPE.HIGH_CARD
847,3QJQQ,309,TYPE.FOUR_OF_A_KIND
492,3A833,15,TYPE.THREE_OF_A_KIND
298,JT4Q9,323,TYPE.PAIR
210,673TT,149,TYPE.PAIR
280,T8JA5,338,TYPE.PAIR
831,28222,476,TYPE.FOUR_OF_A_KIND
820,AA4A4,321,TYPE.FULL_HOUSE
915,T9JTT,161,TYPE.FOUR_OF_A_KIND
240,8573J,753,TYPE.PAIR
673,6Q44J,363,TYPE.FULL_HOUSE
605,A4744,105,TYPE.THREE_OF_A_KIND
281,T985J,440,TYPE.PAIR
614,24J4T,8,TYPE.FULL_HOUSE
191,552K3,804,TYPE.PAIR
247,8TT56,401,TYPE.PAIR
930,J7Q77,406,TYPE.FOUR_OF_A_KIND
838,32333,87,TYPE.FOUR_OF_A_KIND
966,KKKJ5,668,TYPE.FOUR_OF_A_KIND
808,A44A4,506,TYPE.FULL_HOUSE
311,Q767K,138,TYPE.PAIR
986,TJTTT,632,TYPE.FIVE_OF_A_KIND
916,TT5TT,613,TYPE.FOUR_OF_A_KIND
675,6AA6A,937,TYPE.FULL_HOUSE
596,KK7K6,94,TYPE.THREE_OF_A_KIND
379,46554,862,TYPE.TWO_PAIR
977,3333J,162,TYPE.FIVE_OF_A_KIND
876,6T666,834,TYPE.FOUR_OF_A_KIND
963,KK8JK,74,TYPE.FOUR_OF_A_KIND
252,92J3A,33,TYPE.PAIR
544,9TT2T,123,TYPE.THREE_OF_A_KIND
711,964J6,938,TYPE.FULL_HOUSE
735,TTT99,76,TYPE.FULL_HOUSE
939,JQJQ8,685,TYPE.FOUR_OF_A_KIND
757,JT6T8,22,TYPE.FULL_HOUSE
128,A5Q2T,977,TYPE.HIGH_CARD
680,77QJQ,6,TYPE.FULL_HOUSE
38,62A37,700,TYPE.HIGH_CARD
570,JJ867,925,TYPE.THREE_OF_A_KIND
633,3QJ39,872,TYPE.FULL_HOUSE
478,2AKKK,934,TYPE.THREE_OF_A_KIND
377,44QQ6,873,TYPE.TWO_PAIR
643,4J422,954,TYPE.FULL_HOUSE
682,79979,489,TYPE.FULL_HOUSE
896,888KJ,889,TYPE.FOUR_OF_A_KIND
96,Q4A85,759,TYPE.HIGH_CARD
350,AAQK2,52,TYPE.PAIR
387,54646,232,TYPE.TWO_PAIR
717,99966,172,TYPE.FULL_HOUSE
842,33833,538,TYPE.FOUR_OF_A_KIND
94,Q23T9,351,TYPE.HIGH_CARD
844,34444,380,TYPE.FOUR_OF_A_KIND
451,QQKK5,421,TYPE.TWO_PAIR
736,TTJ22,32,TYPE.FULL_HOUSE
153,336A4,682,TYPE.PAIR
305,Q2TQ5,525,TYPE.PAIR
292,J8K4T,809,TYPE.PAIR
496,47797,523,TYPE.THREE_OF_A_KIND
118,K72Q9,665,TYPE.HIGH_CARD
988,J3J33,999,TYPE.FIVE_OF_A_KIND
260,96A98,55,TYPE.PAIR
79,98Q34,109,TYPE.HIGH_CARD
877,6J646,26,TYPE.FOUR_OF_A_KIND
422,96946,235,TYPE.TWO_PAIR
2,24Q75,253,TYPE.HIGH_CARD
53,6A5Q3,404,TYPE.HIGH_CARD
593,K5KK7,342,TYPE.THREE_OF_A_KIND
934,JTTT5,653,TYPE.FOUR_OF_A_KIND
512,5KKQK,118,TYPE.THREE_OF_A_KIND
144,2775Q,649,TYPE.PAIR
245,8T58K,975,TYPE.PAIR
467,AA5K5,356,TYPE.TWO_PAIR
528,7AAAK,512,TYPE.THREE_OF_A_KIND
19,4753K,369,TYPE.HIGH_CARD
479,32335,900,TYPE.THREE_OF_A_KIND
554,T7TT5,603,TYPE.THREE_OF_A_KIND
41,64825,16,TYPE.HIGH_CARD
273,T5T93,193,TYPE.PAIR
183,4925J,127,TYPE.PAIR
180,488A5,757,TYPE.PAIR
370,39K9K,584,TYPE.TWO_PAIR
433,T77KK,159,TYPE.TWO_PAIR
324,K4KT5,420,TYPE.PAIR
98,Q746K,65,TYPE.HIGH_CARD
573,JQ6AJ,826,TYPE.THREE_OF_A_KIND
198,5T664,807,TYPE.PAIR
710,95995,808,TYPE.FULL_HOUSE
529,85838,794,TYPE.THREE_OF_A_KIND
293,J8KQ3,817,TYPE.PAIR
297,J97A4,891,TYPE.PAIR
383,4QQ77,146,TYPE.TWO_PAIR
268,T44A6,498,TYPE.PAIR
389,556Q6,589,TYPE.TWO_PAIR
97,Q6745,617,TYPE.HIGH_CARD
918,TTTT3,883,TYPE.FOUR_OF_A_KIND
129,A64QK,723,TYPE.HIGH_CARD
788,QAAQQ,684,TYPE.FULL_HOUSE
879,72222,116,TYPE.FOUR_OF_A_KIND
131,A74K3,121,TYPE.HIGH_CARD
763,JK49K,583,TYPE.FULL_HOUSE
640,48884,708,TYPE.FULL_HOUSE
583,Q9979,302,TYPE.THREE_OF_A_KIND
531,888T3,803,TYPE.THREE_OF_A_KIND
458,K788K,635,TYPE.TWO_PAIR
37,5A82T,662,TYPE.HIGH_CARD
342,A383Q,557,TYPE.PAIR
594,K6966,204,TYPE.THREE_OF_A_KIND
958,K9999,634,TYPE.FOUR_OF_A_KIND
519,72774,34,TYPE.THREE_OF_A_KIND
77,8TQ7K,585,TYPE.HIGH_CARD
229,79954,664,TYPE.PAIR
13,3Q42K,879,TYPE.HIGH_CARD
951,QQQQ8,539,TYPE.FOUR_OF_A_KIND
167,394QQ,108,TYPE.PAIR
99,Q758K,137,TYPE.HIGH_CARD
676,72727,419,TYPE.FULL_HOUSE
393,58835,359,TYPE.TWO_PAIR
152,32726,545,TYPE.PAIR
979,4J4J4,142,TYPE.FIVE_OF_A_KIND
971,AJJA9,989,TYPE.FOUR_OF_A_KIND
195,589KK,686,TYPE.PAIR
402,7722A,923,TYPE.TWO_PAIR
423,97479,863,TYPE.TWO_PAIR
921,TTTQJ,814,TYPE.FOUR_OF_A_KIND
774,Q66QQ,258,TYPE.FULL_HOUSE
912,T5TJJ,319,TYPE.FOUR_OF_A_KIND
282,T9A6T,473,TYPE.PAIR
517,6777A,364,TYPE.THREE_OF_A_KIND
612,22T2T,877,TYPE.FULL_HOUSE
677,7388J,128,TYPE.FULL_HOUSE
Sum of: 246140220
